LSTM,Bi-LSTM,FNN,CNN,GRU
122.78485,123.13931,120.511375,117.411606,119.56161
